{"mechanic":548834,"cardealer":11443950,"realestate":1466668.9761157,"ambulance":22115,"unemployed":955,"pizza":398,"vanilla":271486,"reporter":0,"tow":0,"police":2756921.0,"lawyer":0,"burger":64.33000000000175}